-- phpMyAdmin SQL Dump
-- version 4.8.4
-- https://www.phpmyadmin.net/
--
-- Host: 127.0.0.1
-- Generation Time: Mar 15, 2019 at 04:41 PM
-- Server version: 10.1.37-MariaDB
-- PHP Version: 7.3.0

SET SQL_MODE = "NO_AUTO_VALUE_ON_ZERO";
SET AUTOCOMMIT = 0;
START TRANSACTION;
SET time_zone = "+00:00";


/*!40101 SET @OLD_CHARACTER_SET_CLIENT=@@CHARACTER_SET_CLIENT */;
/*!40101 SET @OLD_CHARACTER_SET_RESULTS=@@CHARACTER_SET_RESULTS */;
/*!40101 SET @OLD_COLLATION_CONNECTION=@@COLLATION_CONNECTION */;
/*!40101 SET NAMES utf8mb4 */;

--
-- Database: `cms`
--

-- --------------------------------------------------------

--
-- Table structure for table `article`
--

CREATE TABLE `article` (
  `id` int(11) NOT NULL,
  `title` varchar(128) NOT NULL,
  `content` longtext NOT NULL,
  `published_at` datetime DEFAULT NULL,
  `image_file` varchar(200) DEFAULT NULL
) ENGINE=InnoDB DEFAULT CHARSET=latin1;

--
-- Dumping data for table `article`
--

INSERT INTO `article` (`id`, `title`, `content`, `published_at`, `image_file`) VALUES
(29, 'Pirmas', 'Pirmas', '2019-02-06 19:12:05', 'test.jpg'),
(30, 'Antras', 'Antras', '2019-03-01 18:12:05', NULL),
(31, 'Trecias', 'Trecias', '2019-03-07 19:01:01', NULL);

-- --------------------------------------------------------

--
-- Table structure for table `article_category`
--

CREATE TABLE `article_category` (
  `article_id` int(11) NOT NULL,
  `category_id` int(11) NOT NULL
) ENGINE=InnoDB DEFAULT CHARSET=latin1;

--
-- Dumping data for table `article_category`
--

INSERT INTO `article_category` (`article_id`, `category_id`) VALUES
(29, 4),
(29, 9),
(30, 2),
(30, 10),
(31, 2);

-- --------------------------------------------------------

--
-- Table structure for table `category`
--

CREATE TABLE `category` (
  `id` int(11) NOT NULL,
  `name` varchar(125) NOT NULL
) ENGINE=InnoDB DEFAULT CHARSET=latin1;

--
-- Dumping data for table `category`
--

INSERT INTO `category` (`id`, `name`) VALUES
(9, 'news'),
(4, 'products'),
(10, 'stuff'),
(2, 'technology');

-- --------------------------------------------------------

--
-- Table structure for table `user`
--

CREATE TABLE `user` (
  `id` int(11) NOT NULL,
  `username` varchar(32) NOT NULL,
  `password` varchar(255) NOT NULL
) ENGINE=InnoDB DEFAULT CHARSET=latin1;

--
-- Dumping data for table `user`
--

INSERT INTO `user` (`id`, `username`, `password`) VALUES
(1, '123', '$2y$10$G7mBl07/JWKH2xRh/9PHL.ZqoKgsyigt9Q/aK0eGPrk/zEpkrHnxG');

--
-- Indexes for dumped tables
--

--
-- Indexes for table `article`
--
ALTER TABLE `article`
  ADD PRIMARY KEY (`id`);

--
-- Indexes for table `article_category`
--
ALTER TABLE `article_category`
  ADD PRIMARY KEY (`article_id`,`category_id`),
  ADD KEY `category_id` (`category_id`);

--
-- Indexes for table `category`
--
ALTER TABLE `category`
  ADD PRIMARY KEY (`id`),
  ADD UNIQUE KEY `name` (`name`);

--
-- Indexes for table `user`
--
ALTER TABLE `user`
  ADD PRIMARY KEY (`id`),
  ADD UNIQUE KEY `username` (`username`);

--
-- AUTO_INCREMENT for dumped tables
--

--
-- AUTO_INCREMENT for table `article`
--
ALTER TABLE `article`
  MODIFY `id` int(11) NOT NULL AUTO_INCREMENT, AUTO_INCREMENT=32;

--
-- AUTO_INCREMENT for table `category`
--
ALTER TABLE `category`
  MODIFY `id` int(11) NOT NULL AUTO_INCREMENT, AUTO_INCREMENT=11;

--
-- AUTO_INCREMENT for table `user`
--
ALTER TABLE `user`
  MODIFY `id` int(11) NOT NULL AUTO_INCREMENT, AUTO_INCREMENT=2;

--
-- Constraints for dumped tables
--

--
-- Constraints for table `article_category`
--
ALTER TABLE `article_category`
  ADD CONSTRAINT `article_category_ibfk_1` FOREIGN KEY (`article_id`) REFERENCES `article` (`id`) ON DELETE CASCADE ON UPDATE CASCADE,
  ADD CONSTRAINT `article_category_ibfk_2` FOREIGN KEY (`category_id`) REFERENCES `category` (`id`) ON DELETE CASCADE ON UPDATE CASCADE;
COMMIT;

/*!40101 SET CHARACTER_SET_CLIENT=@OLD_CHARACTER_SET_CLIENT */;
/*!40101 SET CHARACTER_SET_RESULTS=@OLD_CHARACTER_SET_RESULTS */;
/*!40101 SET COLLATION_CONNECTION=@OLD_COLLATION_CONNECTION */;
